Account,Amount
CashACC,136.2144970999998
Global Macro Opportunities,12785.3225585
SPY3,9973.553
SPY4,10177.3003
SPY5,19454.008551400002
hanskeller,10000.0
